﻿<?xml version="1.0"?>
<doc>
<assembly>
<name>
Installer
</name>
</assembly>
<members>
<member name="F:Installer.WizardPage.Page.DisclaimerPage">
	<summary>
 Disclaimer page
 </summary>
	<remarks></remarks>
</member><member name="F:Installer.WizardPage.Page.ImageInfoPage">
	<summary>
 Boot and installation image file info page
 </summary>
	<remarks></remarks>
</member><member name="F:Installer.WizardPage.Page.ExplanationPage">
	<summary>
 Process explanation page
 </summary>
	<remarks></remarks>
</member><member name="F:Installer.WizardPage.Page.InstallationPage">
	<summary>
 The progress page
 </summary>
	<remarks></remarks>
</member><member name="F:Installer.WizardPage.Page.FinishPage">
	<summary>
 The restart page
 </summary>
	<remarks></remarks>
</member><member name="F:Installer.WizardPage.Page.FailurePage">
	<summary>
 The failure page
 </summary>
	<remarks></remarks>
</member><member name="T:Installer.WizardPage.Page">
	<summary>
 The installer pages
 </summary>
	<remarks></remarks>
</member><member name="P:Installer.My.Resources.Resources.ResourceManager">
	<summary>
  Devuelve la instancia de ResourceManager almacenada en caché utilizada por esta clase.
</summary>
</member><member name="P:Installer.My.Resources.Resources.Culture">
	<summary>
  Reemplaza la propiedad CurrentUICulture del subproceso actual para todas las
  búsquedas de recursos mediante esta clase de recurso fuertemente tipado.
</summary>
</member><member name="P:Installer.My.Resources.Resources.hotinstall_step1">
	<summary>
  Busca un recurso adaptado de tipo System.Drawing.Bitmap.
</summary>
</member><member name="P:Installer.My.Resources.Resources.hotinstall_step2">
	<summary>
  Busca un recurso adaptado de tipo System.Drawing.Bitmap.
</summary>
</member><member name="P:Installer.My.Resources.Resources.hotinstall_step3">
	<summary>
  Busca un recurso adaptado de tipo System.Drawing.Bitmap.
</summary>
</member><member name="P:Installer.My.Resources.Resources.hotinstall_step3_dm">
	<summary>
  Busca un recurso adaptado de tipo System.Drawing.Bitmap.
</summary>
</member><member name="P:Installer.My.Resources.Resources.Licenses">
	<summary>
  Busca una cadena traducida similar a - HotInstall

This program is free software; you can redistribute it and/or modify it under the terms of the GNU General Public License as published by the Free Software Foundation; either version 3 of the License, or at your option any later version.

This program is distributed in the hope that it will be useful, but WITHOUT ANY WARRANTY; without even the implied warranty of MERCHANTABILITY or FITNESS FOR A PARTICULAR PURPOSE. See the GNU General Public License for more details. 

You should have re [resto de la cadena truncado]";.
</summary>
</member><member name="T:Installer.My.Resources.Resources">
	<summary>
  Clase de recurso fuertemente tipado, para buscar cadenas traducidas, etc.
</summary>
</member><member name="M:Installer.Converters.BytesToReadableSize(System.Int64)">
	<summary>
 Using math procedures, converts the amount of bytes into a more readable format
 </summary>
	<param name="ByteSize">The amount of bytes, passed as a Long type for integers over (2 ^ 31) - 1</param>
	<returns></returns>
	<remarks></remarks>
</member><member name="M:Installer.MainForm.CastCPUArchitecture(System.Int32)">
	<summary>
 Gives a string representation of a CPU architecture
 </summary>
	<param name="Architecture">The number of the CPU architecture</param>
	<returns>A string representation of <see>Architecture</see></returns>
	<remarks></remarks>
</member><member name="M:Installer.MainForm.GetArchitectureCompatibility(System.Int32,System.Int32)">
	<summary>
 Gets a compatibility status between 2 architectures, a reference architecture and the computer architecture
 </summary>
	<param name="ReferenceArchitecture">The architecture to compare</param>
	<param name="ComputerArchitecture">The architecture of the computer's processor, obtained via WMI</param>
	<returns>A boolean determining the compatibility status</returns>
	<remarks></remarks>
</member><member name="M:Installer.MainForm.VerifyOptionsInPage(Installer.WizardPage.Page)">
	<summary>
 Verifies options in a page before switching to a different one
 </summary>
	<param name="WizardPage">The current page the user is in</param>
	<returns>A validation result</returns>
	<remarks></remarks>
</member><member name="M:Installer.MainForm.ChangePage(Installer.WizardPage.Page,System.Boolean)">
	<summary>
 Changes the current page the user is in to another one
 </summary>
	<param name="NewPage">The new page to change to</param>
	<param name="Force">(Optional) Determines whether or not to skip checks</param>
	<remarks></remarks>
</member><member name="M:Installer.MainForm.GetImageInformation(System.String)">
	<summary>
 Gets information about a specified image file
 </summary>
	<param name="WindowsImage">The absolute path of the Windows image file (in WIM format)</param>
	<returns>An image information collection</returns>
	<remarks></remarks>
</member><member name="M:Installer.MainForm.CopyFiles(System.String,System.String,System.String)">
	<summary>
 Copies files from a given source to a given destination, whilst excluding any items whose names match the given exclusion
 </summary>
	<param name="Source">The source folder to copy files from</param>
	<param name="Destination">The destination folder to copy files to</param>
	<param name="ExcludedFile">The file to exclude from the copy process</param>
	<remarks></remarks>
</member><member name="M:Installer.MainForm.UseWindowsImage(System.String,System.String,System.Int32,System.Boolean,System.Boolean)">
	<summary>
 Performs basic image file management with the provided Windows image
 </summary>
	<param name="ImageFile">The source image file to manage</param>
	<param name="MountDirectory">A location where the image is mounted or will be mounted to</param>
	<param name="Index">(Optional) The source index to mount</param>
	<param name="Mount">(Optional) Determines whether or not to mount an image</param>
	<param name="Commit">(Optional) Determines whether or not to save changes</param>
	<remarks>If Mount is true, an index must be specified.</remarks>
</member><member name="M:Installer.MainForm.RunBCDConfigurator(System.String,System.Boolean)">
	<summary>
 Runs BCDEdit with the provided arguments
 </summary>
	<param name="Arguments">The command-line arguments to pass to the command</param>
	<param name="DontWorryBeHappy">(Optional) Determines whether or not to throw an exception if the process exits with a code different from 0</param>
	<remarks>Arguments need to be passed. Otherwise, BCDEdit will simply return a basic list of entries on the BCD</remarks>
</member><member name="M:Installer.MainForm.RunBCDConfiguration">
	<summary>
 Performs modifications to the Boot Configuration Data (BCD) of the system
 </summary>
	<remarks></remarks>
</member><member name="M:Installer.MainForm.LogErrorMessage(System.Exception,Installer.InstallationStage.InstallerStage)">
	<summary>
 Logs an error message caused by an exception
 </summary>
	<param name="ex">The exception that was caught</param>
	<param name="stage">The stage at which the installer was</param>
	<remarks></remarks>
</member><member name="F:Installer.InstallationStage.InstallerStage.DiskSpaceChecker">
	<summary>
 The installer is checking disk space
 </summary>
	<remarks></remarks>
</member><member name="F:Installer.InstallationStage.InstallerStage.FileCopy">
	<summary>
 Files are being copied
 </summary>
	<remarks></remarks>
</member><member name="F:Installer.InstallationStage.InstallerStage.BootEntryCreation">
	<summary>
 The BCD is being modified with the addition of new entries
 </summary>
	<remarks></remarks>
</member><member name="F:Installer.InstallationStage.InstallerStage.WIMMount">
	<summary>
 The Windows PE image is being mounted
 </summary>
	<remarks></remarks>
</member><member name="F:Installer.InstallationStage.InstallerStage.WIMCustomize">
	<summary>
 The Windows PE image is being customized
 </summary>
	<remarks></remarks>
</member><member name="F:Installer.InstallationStage.InstallerStage.WIMUnmount">
	<summary>
 The Windows PE image is being unmounted
 </summary>
	<remarks></remarks>
</member><member name="F:Installer.InstallationStage.InstallerStage.Miscellaneous">
	<summary>
 A different thing is being done
 </summary>
	<remarks></remarks>
</member><member name="T:Installer.InstallationStage.InstallerStage">
	<summary>
 The stage the installer is at
 </summary>
	<remarks></remarks>
</member>
</members>
</doc>